"Address","Content Type","Status Code","Status","Indexability","Indexability Status","Inlinks","Response Time","Redirect URL","Redirect Type"
"https://finalproject-adamstedman.netlify.app/","text/html; charset=UTF-8","200","OK","Indexable","","11","0.464","",""
"https://finalproject-adamstedman.netlify.app/destinations","text/html","301","Moved Permanently","Non-Indexable","Redirected","6","0.157","https://finalproject-adamstedman.netlify.app/destinations/","HTTP Redirect"
"https://cdn.jsdelivr.net/npm/bootstrap-icons@1.11.1/font/bootstrap-icons.css","text/css; charset=utf-8","200","OK","Indexable","","0","0.081","",""
"https://images.unsplash.com/photo-1552465011-b4e21bf6e79a?w=1200&auto=format&fit=crop&q=80","image/jpeg","200","OK","Indexable","","0","0.123","",""
"https://finalproject-adamstedman.netlify.app/tips","text/html","301","Moved Permanently","Non-Indexable","Redirected","6","0.248","https://finalproject-adamstedman.netlify.app/tips/","HTTP Redirect"
"https://finalproject-adamstedman.netlify.app/planner","text/html","301","Moved Permanently","Non-Indexable","Redirected","6","0.343","https://finalproject-adamstedman.netlify.app/planner/","HTTP Redirect"
"https://github.com/Adam-S17","text/html; charset=utf-8","200","OK","Indexable","","5","0.260","",""
"https://media.licdn.com/dms/image/v2/D4E03AQHHku36aqKzsQ/profile-displayphoto-shrink_200_200/profile-displayphoto-shrink_200_200/0/1676035953109?e=1773273600&v=beta&t=-D-2CSi9rZ6OAh2HZMpDKfZS_yvPUMkDEG9DXGraxkQ","image/jpeg","200","OK","Indexable","","0","0.089","",""
"https://images.unsplash.com/photo-1616438096679-620332ede3a2?q=80&w=1200&auto=format&fit=crop","image/jpeg","200","OK","Indexable","","0","0.658","",""
"https://images.unsplash.com/photo-1739591816074-3dfde2faf16b?q=80&w=1200&auto=format&fit=crop","image/jpeg","200","OK","Indexable","","0","0.556","",""
"https://cdn.jsdelivr.net/npm/bootstrap@5.3.8/dist/css/bootstrap.min.css","text/css; charset=utf-8","200","OK","Indexable","","0","0.102","",""
"https://finalproject-adamstedman.netlify.app/_astro/index.astro_astro_type_script_index_0_lang.DdS0v2e0.js","application/javascript; charset=UTF-8","200","OK","Indexable","","0","0.246","",""
"https://leafletjs.com/","text/html; charset=utf-8","200","OK","Indexable","","5","0.134","",""
"https://cdn.jsdelivr.net/npm/bootstrap@5.3.8/dist/js/bootstrap.bundle.min.js","application/javascript; charset=utf-8","200","OK","Indexable","","0","0.081","",""
"https://getyourguide.com/","text/html","301","Moved Permanently","Non-Indexable","Redirected","5","0.073","https://www.getyourguide.com/","HTTP Redirect"
"https://openweathermap.org/","text/html; charset=utf-8","200","OK","Indexable","","5","0.106","",""
"https://finalproject-adamstedman.netlify.app/_astro/destinations.BXDp8Mkj.css","text/css; charset=UTF-8","200","OK","Indexable","","0","0.323","",""
"https://images.unsplash.com/photo-1508804185872-d7badad00f7d?w=1200&auto=format&fit=crop&q=80","image/jpeg","200","OK","Indexable","","0","0.127","",""
"https://finalproject-adamstedman.netlify.app/tours","text/html","301","Moved Permanently","Non-Indexable","Redirected","6","0.332","https://finalproject-adamstedman.netlify.app/tours/","HTTP Redirect"
"https://images.unsplash.com/photo-1541343672885-9be56236302a?w=1200&auto=format&fit=crop&q=80","image/jpeg","200","OK","Indexable","","0","0.805","",""
"https://github.com/Adam-S17/finalProject-adamStedman","text/html; charset=utf-8","200","OK","Indexable","","10","0.415","",""
"https://www.linkedin.com/in/adam-stedman-44177a237/","","301","Moved Permanently","Non-Indexable","Redirected","5","0.773","https://ie.linkedin.com/in/adam-stedman-44177a237","HTTP Redirect"
"https://finalproject-adamstedman.netlify.app/planner/","text/html; charset=UTF-8","200","OK","Indexable","","1","0.283","",""
"https://finalproject-adamstedman.netlify.app/tips/","text/html; charset=UTF-8","200","OK","Indexable","","1","0.263","",""
"https://restcountries.com/","text/html","200","OK","Indexable","","5","0.320","",""
"https://finalproject-adamstedman.netlify.app/tours/","text/html; charset=UTF-8","200","OK","Indexable","","1","0.241","",""
"https://finalproject-adamstedman.netlify.app/destinations/","text/html; charset=UTF-8","200","OK","Indexable","","1","0.290","",""
"https://finalproject-adamstedman.netlify.app/_astro/tips.astro_astro_type_script_index_0_lang.DdS0v2e0.js","application/javascript; charset=UTF-8","200","OK","Indexable","","0","0.152","",""
"https://finalproject-adamstedman.netlify.app/_astro/planner.astro_astro_type_script_index_0_lang.lTP2UQ0G.js","application/javascript; charset=UTF-8","200","OK","Indexable","","0","0.263","",""
"https://placehold.co/50x50","","0","Blocked by robots.txt","Non-Indexable","Blocked by robots.txt","0","","",""
"https://images.unsplash.com/photo-1573423234881-abf43e60c6fd?w=600&auto=format&fit=crop&q=60&ixlib=rb-4.1.0&ixid=M3wxMjA3fDB8MHxzZWFyY2h8Mnx8aGVhbHRoJTIwJTI2JTIwc2FmZXR5fGVufDB8fDB8fHww","image/jpeg","200","OK","Indexable","","0","0.482","",""
"https://finalproject-adamstedman.netlify.app/_astro/destinations.astro_astro_type_script_index_1_lang.DRMeAx00.js","application/javascript; charset=UTF-8","200","OK","Indexable","","0","0.150","",""
"https://finalproject-adamstedman.netlify.app/_astro/destinations.astro_astro_type_script_index_0_lang.DdS0v2e0.js","application/javascript; charset=UTF-8","200","OK","Indexable","","0","0.158","",""
"https://cdn.getyourguide.com/image/format=auto,fit=crop,gravity=auto,quality=60,width=270,height=180,dpr=2/tour_img/a28cc0629a5fbef7.jpeg","image/jpeg","200","OK","Indexable","","0","0.052","",""
"https://www.getyourguide.com/en-gb/kuala-lumpur-l171/kuala-lumpur-suburbs-batu-caves-half-day-tour-with-pick-up-t236817/?ranking_uuid=63d75a41-08a5-419f-bc1e-9c3624be4c31","text/html; charset=utf-8","301","Moved Permanently","Non-Indexable","Redirected","1","0.482","https://www.getyourguide.com/en-gb/kuala-lumpur-l171/kuala-lumpur-suburbs-batu-caves-half-day-tour-with-pick-up-t236817/","HTTP Redirect"
"https://cdn.getyourguide.com/image/format=auto,fit=crop,gravity=auto,quality=60,width=270,height=180,dpr=2/tour_img/62972e9e5d09d.jpeg","image/jpeg","200","OK","Indexable","","0","0.174","",""
"https://unpkg.com/leaflet/dist/leaflet.css","text/plain;charset=UTF-8","302","Found","Non-Indexable","Redirected","0","0.041","https://unpkg.com/leaflet@1.9.4/dist/leaflet.css","HTTP Redirect"
"https://cdn.getyourguide.com/image/format=auto,fit=crop,gravity=auto,quality=60,width=270,height=180,dpr=2/tour_img/6115870552d76.jpeg","image/jpeg","200","OK","Indexable","","0","0.184","",""
"https://www.getyourguide.com/en-gb/tokyo-l193/tokyo-sumo-show-and-experience-in-shinjuku-t1070616/?ranking_uuid=69334569-b433-4030-b55b-639e4e4a90d3","text/html; charset=utf-8","200","OK","Indexable","","1","0.183","",""
"https://cdn.getyourguide.com/image/format=auto,fit=crop,gravity=auto,quality=60,width=270,height=180,dpr=2/tour_img/64bd24a86278f.jpeg","image/jpeg","200","OK","Indexable","","0","0.141","",""
"https://www.getyourguide.com/en-gb/hanoi-l205/hanoi-ninh-binh-bai-dinhhoa-lu-trang-an-mua-cave-tour-t420319/?ranking_uuid=45a133d5-273b-4bec-b7e8-8047b681f2f4","text/html; charset=utf-8","200","OK","Indexable","","1","0.200","",""
"https://www.getyourguide.com/en-gb/bucharest-l111/therme-entrance-ticket-and-transfer-pick-up-and-drop-off-t492833/?ranking_uuid=657b2e72-bfc7-4294-89b4-925aa6def055","text/html; charset=utf-8","200","OK","Indexable","","1","0.105","",""
"https://www.getyourguide.com/en-gb/phuket-l32123/phuket-khao-sok-and-cheow-lan-lake-tour-with-lunch-t798664/?ranking_uuid=5c735f4a-fe8b-4c64-9d52-e64767c3d881","text/html; charset=utf-8","200","OK","Indexable","","1","0.224","",""
"https://cdn.getyourguide.com/image/format=auto,fit=crop,gravity=auto,quality=60,width=270,height=180,dpr=2/tour_img/94cdd9f9523ba989.jpeg","image/jpeg","200","OK","Indexable","","0","0.096","",""
"https://www.getyourguide.com/en-gb/vang-vieng-l2838/vang-vieng-paramotor-adventures-t1155120/?ranking_uuid=591eb725-686b-4697-8f85-e59d01f9ae14","text/html; charset=utf-8","200","OK","Indexable","","1","0.218","",""
"https://finalproject-adamstedman.netlify.app/_astro/tours.astro_astro_type_script_index_0_lang.DdS0v2e0.js","application/javascript; charset=UTF-8","200","OK","Indexable","","0","0.283","",""
"https://www.getyourguide.com/en-gb/coron-l105241/coron-calauit-safari-tour-private-tour-t583821/?ranking_uuid=03e57aa8-2a17-4c95-9e8d-a23849526c19","text/html; charset=utf-8","200","OK","Indexable","","1","0.140","",""
"https://www.getyourguide.com/en-gb/marrakesh-l208/from-marrakech-ouzoud-waterfalls-guided-hike-and-boat-trip-t388884/?ranking_uuid=282a8c6a-42c6-433c-a4a4-2aa4c8800274","text/html; charset=utf-8","200","OK","Indexable","","1","0.042","",""
"https://cdn.getyourguide.com/image/format=auto,fit=crop,gravity=auto,quality=60,width=270,height=180,dpr=2/tour_img/5f16d60b18470.jpeg","image/jpeg","200","OK","Indexable","","0","0.088","",""
"https://cdn.getyourguide.com/image/format=auto,fit=crop,gravity=auto,quality=60,width=270,height=180,dpr=2/tour_img/c0a6c30d219bca576b073c9670173223a14c765dbab7d3be697d343a5bc82fd3.jpeg","image/jpeg","200","OK","Indexable","","0","0.195","",""
"https://www.getyourguide.com/en-gb/everglades-city-l95255/everglades-mangrove-maze-airboat-tour-alligator-show-t548296/?ranking_uuid=7c363dac-9bb8-4717-905c-d9d6611e3499","text/html; charset=utf-8","301","Moved Permanently","Non-Indexable","Redirected","1","0.303","https://www.getyourguide.com/en-gb/everglades-city-l95255/everglades-mangrove-maze-airboat-tour-alligator-show-t548296/","HTTP Redirect"
"https://cdn.getyourguide.com/image/format=auto,fit=crop,gravity=auto,quality=60,width=270,height=180,dpr=2/tour_img/fea1f058382affdd2d631301246d665ee1005bb0b412acb3281a06f777f2191a.jpg","image/jpeg","200","OK","Indexable","","0","0.102","",""
"https://www.getyourguide.com/en-gb/chiang-mai-l271/chiang-mai-elephant-sanctuary-waterfall-bamboo-rafting-t826521/?ranking_uuid=e940bcad-f801-49ed-96b3-91af35b749d5","text/html; charset=utf-8","200","OK","Indexable","","1","0.156","",""
"https://www.getyourguide.com/en-gb/madrid-l46/madrid-tour-bernabeu-entry-ticket-t194657/?ranking_uuid=11a53d07-489c-4759-ab13-615194866c97","text/html; charset=utf-8","200","OK","Indexable","","1","0.154","",""
"https://cdn.getyourguide.com/image/format=auto,fit=crop,gravity=auto,quality=60,width=270,height=180,dpr=2/tour_img/284c8deafd88b2faad7b15347326a8d0556a13f94b01bb41d57cae38e89b192b.jpg","image/jpeg","200","OK","Indexable","","0","0.139","",""
"https://cdn.getyourguide.com/image/format=auto,fit=crop,gravity=auto,quality=60,width=270,height=180,dpr=2/tour_img/9e25876b9a292582f4e6a988d4fda02b54d72309b246fae77e67effaa6713948.jpg","image/jpeg","200","OK","Indexable","","0","0.120","",""
"https://cdn.getyourguide.com/image/format=auto,fit=crop,gravity=auto,quality=60,width=270,height=180,dpr=2/tour_img/0aa5a093cf4fa9fac5ab38f2e6612656ad5193f015ce58ff49c58634150ee6f4.jpeg","image/jpeg","200","OK","Indexable","","0","0.119","",""
"https://www.getyourguide.com/en-gb/phnom-penh-l273/the-killing-field-and-s21-half-day-tour-t442788/?ranking_uuid=2839c966-4310-4aaa-9dc1-a627b1a2696f","text/html; charset=utf-8","200","OK","Indexable","","1","0.147","",""
"https://cdn.getyourguide.com/image/format=auto,fit=crop,gravity=auto,quality=60,width=270,height=180,dpr=2/tour_img/2b552f0b2dc7e24eb3983acd99dc14921c57b0f590c46f5fbeb1c9f32b994333.jpg","image/jpeg","200","OK","Indexable","","0","0.093","",""
"https://www.getyourguide.com/en-gb/paris-l16/disneyland-paris-2-parks-ticket-1-2-3-4-5-day-t395320/?ranking_uuid=e4b6039f-4945-4be8-9117-f81c210d0a52","text/html; charset=utf-8","200","OK","Indexable","","1","0.041","",""
"https://cdn.getyourguide.com/image/format=auto,fit=crop,gravity=auto,quality=60,width=270,height=180,dpr=2/tour_img/33ca52b2cee2bc3d92fed4ceb3533c6c82bb3a98fd9f635c8feb6c9634eb66df.jpg","image/jpeg","200","OK","Indexable","","0","0.088","",""
"https://www.getyourguide.com/en-gb/vienna-l7/vienna-skip-the-line-schonbrunn-palace-and-gardens-tour-t471518/?ranking_uuid=944068a9-e379-435b-8177-767333dbfb23","text/html; charset=utf-8","301","Moved Permanently","Non-Indexable","Redirected","1","0.459","https://www.getyourguide.com/en-gb/vienna-l7/vienna-skip-the-line-schonbrunn-palace-and-gardens-tour-t471518/","HTTP Redirect"
"https://cdn.getyourguide.com/image/format=auto,fit=crop,gravity=auto,quality=60,width=270,height=180,dpr=2/tour_img/59020349a9efa.jpeg","image/jpeg","200","OK","Indexable","","0","0.191","",""
"https://cdn.getyourguide.com/image/format=auto,fit=crop,gravity=auto,quality=60,width=270,height=180,dpr=2/tour_img/63d8af87e3b5b.jpeg","image/jpeg","200","OK","Indexable","","0","0.135","",""
"https://cdn.getyourguide.com/image/format=auto,fit=crop,gravity=auto,quality=60,width=270,height=180,dpr=2/tour_img/3e07ba7c81a12a221956075dd0ff6a367436568829b262509ed47dba570995a2.jpg","image/jpeg","200","OK","Indexable","","0","0.181","",""
"https://www.tripadvisor.com/","text/html;charset=utf-8","403","Forbidden","Non-Indexable","Client Error","1","0.091","",""
"https://cdn.getyourguide.com/image/format=auto,fit=crop,gravity=auto,quality=60,width=270,height=180,dpr=2/tour_img/325f960e38f938c0fc6f9de137c06dd70b613cc532ac7a6dce0cdabccd91abbb.jpeg","image/jpeg","200","OK","Indexable","","0","0.094","",""
"https://www.getyourguide.com/hanoi-l205/hanoi-3-day-ha-giang-loop-small-group-t1098980/?ranking_uuid=d27637b8-5c09-45ef-9673-182316376730","text/html; charset=utf-8","200","OK","Indexable","","1","0.034","",""
"https://www.getyourguide.com/en-gb/bali-l347/bali-spiritual-cleansing-and-shamanic-healing-tour-t101798/?ranking_uuid=e8652714-056a-4a19-8103-79b38cc17461","text/html; charset=utf-8","200","OK","Indexable","","1","0.146","",""
"https://cdn.getyourguide.com/image/format=auto,fit=crop,gravity=auto,quality=60,width=270,height=180,dpr=2/tour_img/c1547be86dcd0c5c67bb45d16de822a5f4bbade047559e5f68a91e29fca2e32d.jpg","image/jpeg","200","OK","Indexable","","0","0.103","",""
"https://widget.getyourguide.com/dist/pa.umd.production.min.js","","0","Blocked by robots.txt","Non-Indexable","Blocked by robots.txt","0","","",""
"https://cdn.getyourguide.com/image/format=auto,fit=crop,gravity=auto,quality=60,width=270,height=180,dpr=2/tour_img/b0d04e4451c25d9b.jpeg","image/jpeg","200","OK","Indexable","","0","0.105","",""
"https://www.getyourguide.com/en-gb/seoul-l197/seoul-dmz-the-3rd-tunnel-and-suspension-bridge-tour-t63309/?ranking_uuid=23bd7474-d0f1-4194-8cd5-fa519892f01a","text/html; charset=utf-8","200","OK","Indexable","","1","0.150","",""
"https://www.getyourguide.com/en-gb/vatican-museums-l2738/skip-the-line-vatican-museums-sistine-chapel-ticket-t62214/?ranking_uuid=35b2e8de-92b2-4a90-90d9-a22db76235c9","text/html; charset=utf-8","200","OK","Indexable","","1","0.034","",""
"https://cdn.getyourguide.com/image/format=auto,fit=crop,gravity=auto,quality=60,width=270,height=180,dpr=2/tour_img/8dcf839b5857ce4288c38ef9787a29d692a6d87087e601c78ff9f43fbd844c76.jpeg","image/jpeg","200","OK","Indexable","","0","0.200","",""
"https://cdn.getyourguide.com/image/format=auto,fit=crop,gravity=auto,quality=60,width=270,height=180,dpr=2/tour_img/609d3de2f50d508f8bd66fa1fc2a7c3d9b79c0744626c6e6d7b316735a9d9fcf.jpg","image/jpeg","200","OK","Indexable","","0","0.086","",""
"https://www.getyourguide.com/en-gb/krakow-l40/from-krakow-auschwitz-birkenau-guided-tour-hotel-pickup-t88880/?ranking_uuid=d419f570-dbba-4461-97bf-9e9e87cea2e5","text/html; charset=utf-8","200","OK","Indexable","","1","0.110","",""
"https://www.getyourguide.com/en-gb/beijing-l186/beijing-mutianyu-great-wallsummer-palaceyuanmingyuan-tour-t1212271/?ranking_uuid=11f9eecb-638f-493d-88fa-57e883ec4922","text/html; charset=utf-8","200","OK","Indexable","","1","0.109","",""
"https://www.getyourguide.com/en-gb/cancun-l150/cancun-coco-bongo-nightclub-experience-t404040/?ranking_uuid=6527ca0c-fdd6-459a-b562-b486c4c58755","text/html; charset=utf-8","200","OK","Indexable","","1","0.079","",""
"https://images.unsplash.com/photo-1709805619372-40de3f158e83?w=600&auto=format&fit=crop&q=60&ixlib=rb-4.1.0&ixid=M3wxMjA3fDB8MHxzZWFyY2h8M3x8aG9zdGVsfGVufDB8fDB8fHww","image/jpeg","200","OK","Indexable","","0","0.123","",""
"https://images.unsplash.com/photo-1512554225227-89e158d18198?w=600&auto=format&fit=crop&q=60&ixlib=rb-4.1.0&ixid=M3wxMjA3fDB8MHxzZWFyY2h8MTh8fHNsZWVwZXIlMjBidXN8ZW58MHx8MHx8fDA%3D","image/jpeg","200","OK","Indexable","","0","0.449","",""
"https://images.unsplash.com/photo-1731910549709-bfaffd5e73d9?w=600&auto=format&fit=crop&q=60&ixlib=rb-4.1.0&ixid=M3wxMjA3fDB8MHxzZWFyY2h8OHx8YnVkZ2V0JTIwYW5kJTIwbW9uZXl8ZW58MHx8MHx8fDA%3D","image/jpeg","200","OK","Indexable","","0","0.487","",""
"https://images.unsplash.com/photo-1534534573898-db5148bc8b0c?w=600&auto=format&fit=crop&q=60&ixlib=rb-4.1.0&ixid=M3wxMjA3fDB8MHxzZWFyY2h8MjB8fHBhY2tpbmd8ZW58MHx8MHx8fDA%3D","image/jpeg","200","OK","Indexable","","0","0.593","",""
